image,thumbnail,link1,link2,link3,name,colorway,releaseDate,releaseYear,retailPrice,silhouette,sku,story,NZDvalue,USDvalue
https://image.goat.com/attachments/product_template_pictures/images/056/477/117/original/382563_01.png.png,https://image.goat.com/400/attachments/product_template_pictures/images/056/477/117/original/382563_01.png.png,, https://flightclub.com/haribo-x-suede-poppy-red-382563-01,https://goat.com/sneakers/haribo-x-suede-poppy-red-382563-01,Haribo x Suede 'Poppy Red',Poppy Red/Poppy Red,2021-07-02,2021,80.0,Suede,382563-01,"Releasing as part of a larger collection with the German candy brand, the Haribo x PUMA Suede ‘Poppy Red’ dresses the classic model in a flooded crimson finish. ‘HARIBO’ is stamped on the lateral heel of the soft suede upper, while dual PUMA and Haribo branding lands on the stitched tongue tag and sockliner. The confectioner’s signature Goldbear gummy appears via a molded hangtag, a gel insert on the heel tab, and a subtle graphic print throughout the translucent rubber outsole.",149.1,105
https://image.goat.com/attachments/product_template_pictures/images/056/425/999/original/CV8121_102.png.png,https://image.goat.com/400/attachments/product_template_pictures/images/056/425/999/original/CV8121_102.png.png,https://stockx.com/air-jordan-delta-2-white-royal, https://flightclub.com/jordan-delta-2-white-royal-cv8121-102, https://goat.com/sneakers/jordan-delta-2-white-royal-cv8121-102,Jordan Delta 2 White Royal,White/White-Royal,2021-07-02,2021,130.0,Jordan Delta,CV8121-102,,184.6,130
https://image.goat.com/attachments/product_template_pictures/images/056/174/843/original/CQ9284_008.png.png,https://image.goat.com/400/attachments/product_template_pictures/images/056/174/843/original/CQ9284_008.png.png,, https://flightclub.com/lebron-18-ep-goat-cq9284-008,https://goat.com/sneakers/lebron-18-ep-goat-cq9284-008,Diana Taurasi x LeBron 18 EP 'La Cabra',Black/Pale Ivory/Spiral Sage/University Red,2021-07-02,2021,200.0,LeBron 18,CQ9284-008,,329.44,232
https://image.goat.com/attachments/product_template_pictures/images/056/376/473/original/FZ4007.png.png,https://image.goat.com/400/attachments/product_template_pictures/images/056/376/473/original/FZ4007.png.png,https://stockx.com/adidas-ultra-boost-40-dna-white-gold-metallic, https://flightclub.com/ultraboost-4-0-dna-white-gold-metallic-fz4007, https://goat.com/sneakers/ultraboost-4-0-dna-white-gold-metallic-fz4007,adidas Ultra Boost 4.0 DNA White Gold Metallic,Cloud White/Cloud White/Gold Metallic,2021-07-01,2021,180.0,UltraBoost 4.0,FZ4007,,301.03999999999996,212
https://image.goat.com/attachments/product_template_pictures/images/056/843/122/original/FZ4882.png.png,https://image.goat.com/400/attachments/product_template_pictures/images/056/843/122/original/FZ4882.png.png,, https://flightclub.com/adizero-ubersonic-4-white-solar-red-fz4882,https://goat.com/sneakers/adizero-ubersonic-4-white-solar-red-fz4882,Adizero Ubersonic 4 'White Solar Red',Cloud White/Silver Metallic/Solar Red,2021-07-01,2021,130.0,Adizero Ubersonic,FZ4882,,269.8,190
https://image.goat.com/attachments/product_template_pictures/images/056/376/496/original/GZ8178.png.png,https://image.goat.com/400/attachments/product_template_pictures/images/056/376/496/original/GZ8178.png.png,https://stockx.com/adidas-superstar-bold-white-ambient-sky-w, https://flightclub.com/wmns-superstar-bold-dreamy-floral-gz8178, https://goat.com/sneakers/wmns-superstar-bold-dreamy-floral-gz8178,adidas Superstar Bold White Ambient Sky (W),Cloud White/Ambient Sky/Silver Metallic,2021-07-01,2021,110.0,Superstar,GZ8178,,140.57999999999998,99
https://image.goat.com/attachments/product_template_pictures/images/056/376/494/original/GZ8015.png.png,https://image.goat.com/400/attachments/product_template_pictures/images/056/376/494/original/GZ8015.png.png,https://stockx.com/adidas-nmd-r1-black-rose-tone-w, https://flightclub.com/wmns-nmd_r1-black-rose-tone-gz8015, https://goat.com/sneakers/wmns-nmd_r1-black-rose-tone-gz8015,adidas NMD R1 Black Rose Tone (W),Core Black/Rose Tone/Carbon,2021-07-01,2021,140.0,NMD Runner,GZ8015,,265.53999999999996,187
https://image.goat.com/attachments/product_template_pictures/images/056/376/479/original/GV8278.png.png,https://image.goat.com/400/attachments/product_template_pictures/images/056/376/479/original/GV8278.png.png,https://stockx.com/adidas-nmd-r1-white-ambient-sky-w, https://flightclub.com/wmns-nmd_r1-dreamy-floral-gv8278, https://goat.com/sneakers/wmns-nmd_r1-dreamy-floral-gv8278,adidas NMD R1 White Ambient Sky (W),Cloud White/Ambient Sky/Cloud White,2021-07-01,2021,140.0,NMD Runner,GV8278,,178.92,126
https://image.goat.com/attachments/product_template_pictures/images/056/827/058/original/S23840.png.png,https://image.goat.com/400/attachments/product_template_pictures/images/056/827/058/original/S23840.png.png,, https://flightclub.com/wmns-ultraboost-21-tokyo-s23840,https://goat.com/sneakers/wmns-ultraboost-21-tokyo-s23840,Wmns UltraBoost 21 'Tokyo',Cloud White/Core Black/Solar Red,2021-07-01,2021,180.0,UltraBoost 21,S23840,,227.2,160
https://image.goat.com/attachments/product_template_pictures/images/056/827/061/original/S23863.png.png,https://image.goat.com/400/attachments/product_template_pictures/images/056/827/061/original/S23863.png.png,, https://flightclub.com/ultraboost-21-tokyo-s23863,https://goat.com/sneakers/ultraboost-21-tokyo-s23863,UltraBoost 21 'Tokyo',Cloud White/Core Black/Solar Red,2021-07-01,2021,180.0,UltraBoost 21,S23863,,205.89999999999998,145
https://image.goat.com/attachments/product_template_pictures/images/056/376/495/original/GZ8143.png.png,https://image.goat.com/400/attachments/product_template_pictures/images/056/376/495/original/GZ8143.png.png,https://stockx.com/adidas-superstar-trefoil-white-purple-tint-w, https://flightclub.com/wmns-superstar-white-purple-tint-gz8143, https://goat.com/sneakers/wmns-superstar-white-purple-tint-gz8143,adidas Superstar Trefoil White Purple Tint (W),Cloud White/Purple Tint/Matte Gold,2021-07-01,2021,85.0,Superstar,GZ8143,,151.94,107
https://image.goat.com/attachments/product_template_pictures/images/056/376/474/original/FZ4008.png.png,https://image.goat.com/400/attachments/product_template_pictures/images/056/376/474/original/FZ4008.png.png,https://stockx.com/adidas-ultra-boost-40-dna-black-silver-metallic, https://flightclub.com/ultraboost-4-0-dna-black-silver-metallic-fz4008, https://goat.com/sneakers/ultraboost-4-0-dna-black-silver-metallic-fz4008,adidas Ultra Boost 4.0 DNA Black Silver Metallic,Core Black/Core Black/Silver Metallic,2021-07-01,2021,180.0,UltraBoost 4.0,FZ4008,,302.46,213
https://image.goat.com/attachments/product_template_pictures/images/056/376/498/original/GZ9282.png.png,https://image.goat.com/400/attachments/product_template_pictures/images/056/376/498/original/GZ9282.png.png,https://stockx.com/adidas-nmd-r1-white-halo-blue-shock-pink-w, https://flightclub.com/wmns-nmd_r1-halo-blue-shock-pink-gz9282, https://goat.com/sneakers/wmns-nmd_r1-halo-blue-shock-pink-gz9282,adidas NMD R1 White Halo Blue Shock Pink (W),Halo Blue/Cloud White/Shock Pink,2021-07-01,2021,140.0,NMD Runner,GZ9282,,222.94,157
https://image.goat.com/attachments/product_template_pictures/images/056/195/444/original/DH9696_100.png.png,https://image.goat.com/400/attachments/product_template_pictures/images/056/195/444/original/DH9696_100.png.png,https://stockx.com/air-jordan-6-retro-gold-hoops-w, https://flightclub.com/wmns-air-jordan-6-retro-gold-hoops-dh9696-100, https://goat.com/sneakers/wmns-air-jordan-6-retro-gold-hoops-dh9696-100,Jordan 6 Retro Gold Hoops (W),White/Sail-Metallic Gold-Barely Rose,2021-07-01,2021,190.0,Air Jordan 6,DH9696-100,"The women’s Air Jordan 6 Retro ‘Gold Hoops’ adds gilded accents to the shoe that Michael Jordan wore when he clinched his first ever NBA championship. The vintage mid-top carries a white tumbled leather upper with Barely Rose hits on the tongue, heel tab and midsole, fitted with a visible Air-sole unit in the heel. Metallic gold lace locks are matched by a trio of earring-inspired gold hoops, with a Jumpman charm attached to the lowest ring via a short gold chain. Underfoot, milky translucent rubber is utilized on the outsole.",310.97999999999996,219
https://image.goat.com/attachments/product_template_pictures/images/056/376/493/original/GZ8014.png.png,https://image.goat.com/400/attachments/product_template_pictures/images/056/376/493/original/GZ8014.png.png,https://stockx.com/adidas-nmd-r1-wonder-white-pulse-yellow-pink-w, https://flightclub.com/wmns-nmd_r1-wonder-white-pulse-yellow-gz8014, https://goat.com/sneakers/wmns-nmd_r1-wonder-white-pulse-yellow-gz8014,adidas NMD R1 Wonder White Pulse Yellow Pink (W),Wonder White/Wonder White/Pulse Yellow,2021-07-01,2021,140.0,NMD Runner,GZ8014,,266.96,188
https://image.goat.com/attachments/product_template_pictures/images/056/376/497/original/GZ9281.png.png,https://image.goat.com/400/attachments/product_template_pictures/images/056/376/497/original/GZ9281.png.png,https://stockx.com/adidas-nmd-r1-wonder-white-signal-green-w, https://flightclub.com/wmns-nmd_r1-wonder-white-signal-green-gz9281, https://goat.com/sneakers/wmns-nmd_r1-wonder-white-signal-green-gz9281,adidas NMD R1 Wonder White Signal Green (W),Wonder White/Cloud White/Signal Green,2021-07-01,2021,140.0,NMD Runner,GZ9281,,224.35999999999999,158
https://image.goat.com/attachments/product_template_pictures/images/056/425/980/original/BBKLSNM1.png.png,https://image.goat.com/400/attachments/product_template_pictures/images/056/425/980/original/BBKLSNM1.png.png,, https://flightclub.com/kawhi-new-money-bbklsnm1,https://goat.com/sneakers/kawhi-new-money-bbklsnm1,KAWHI 'New Money',Grey/Blue,2021-07-01,2021,160.0,KAWHI,BBKLSNM1,"Taking its design cues from a crisp $100 bill, the New Balance KAWHI ‘New Money’ continues a bankroll-inspired series that began with the ‘Money Stacks’ colorway of the New Balance OMN1S. Kawhi Leonard’s signature shoe features a muted teal upper constructed from mesh with a synthetic forefoot overlay. Gold accents make their way to the sneaker’s Kinetic Stitch quarter panel, a raised NB logo on the prominent heel counter, and ‘100’ stamped atop the tongue. The sneaker rides on a FuelCell foam midsole, supported by a full-length performance plate and a translucent rubber outsole.",329.44,232
https://image.goat.com/attachments/product_template_pictures/images/056/376/492/original/GZ8013.png.png,https://image.goat.com/400/attachments/product_template_pictures/images/056/376/492/original/GZ8013.png.png,https://stockx.com/adidas-nmd-r1-crystal-white-clear-pink-w, https://flightclub.com/wmns-nmd_r1-crystal-white-clear-pink-gz8013, https://goat.com/sneakers/wmns-nmd_r1-crystal-white-clear-pink-gz8013,adidas NMD R1 Crystal White Clear Pink (W),Crystal White/Crystal White/Clear Pink,2021-07-01,2021,140.0,NMD Runner,GZ8013,,276.9,195
https://image.goat.com/attachments/product_template_pictures/images/056/174/890/original/GW8165.png.png,https://image.goat.com/400/attachments/product_template_pictures/images/056/174/890/original/GW8165.png.png,https://stockx.com/reebok-question-low-white-clear-blue-sole, https://flightclub.com/question-low-white-clear-gw8165, https://goat.com/sneakers/question-low-white-clear-gw8165,Reebok Question Low White Clear Blue Sole,Footwear White/Footwear White/Clear,2021-06-30,2021,120.0,Question,GW8165,"The Reebok Question Low ‘White Clear’ updates Allen Iverson’s debut signature shoe with a blank-slate finish. Ghillie lacing secures the white leather upper, reinforced with a tonal leather toe cap and accented with a Question logo stamped on the heel tab. Breathable mesh is utilized on the sneaker’s throat, while soft textile lines the low-cut collar. The sneaker rides on a matching white EVA midsole with visible Hexalite cushioning. Underfoot, an icy translucent rubber outsole provides grippy traction.",156.2,110
https://image.goat.com/attachments/product_template_pictures/images/056/843/121/original/FZ4881.png.png,https://image.goat.com/400/attachments/product_template_pictures/images/056/843/121/original/FZ4881.png.png,, https://flightclub.com/adizero-ubersonic-4-black-white-fz4881,https://goat.com/sneakers/adizero-ubersonic-4-black-white-fz4881,Adizero Ubersonic 4 'Black White',Core Black/Cloud White/Silver Metallic,2021-06-30,2021,130.0,Adizero Ubersonic,FZ4881,,205.89999999999998,145
https://image.goat.com/attachments/product_template_pictures/images/056/843/124/original/FZ4884.png.png,https://image.goat.com/400/attachments/product_template_pictures/images/056/843/124/original/FZ4884.png.png,, https://flightclub.com/wmns-adizero-ubersonic-4-black-silver-metallic-fz4884,https://goat.com/sneakers/wmns-adizero-ubersonic-4-black-silver-metallic-fz4884,Wmns Adizero Ubersonic 4 'Black White',Core Black/Silver Metallic/Cloud White,2021-06-30,2021,130.0,Adizero Ubersonic,FZ4884,,269.8,190
https://image.goat.com/attachments/product_template_pictures/images/056/477/167/original/GW5270.png.png,https://image.goat.com/400/attachments/product_template_pictures/images/056/477/167/original/GW5270.png.png,https://stockx.com/adidas-superstar-lego-white-black, https://flightclub.com/lego-x-superstar-base-plates-gw5270, https://goat.com/sneakers/lego-x-superstar-base-plates-gw5270,adidas Superstar LEGO White Black,Cloud White/Core Black/Core Black,2021-06-30,2021,140.0,Superstar,GW5270,"The LEGO x adidas Superstar ‘Base Plates’ transforms the iconic sneaker with unique details inspired by the Danish toy brand. The low-top makes use of a synthetic white leather upper made in part with recycled content. Reminiscent of a LEGO baseplate, a studded texture is applied to the sneaker’s rubber toe, as well as the contrasting black heel tab and serrated three-stripes. Dual adidas and LEGO branding adorns the bright yellow sockliner. The low-profile silhouette is mounted a standard rubber cuposle, featuring a herringbone traction pattern underfoot.",207.32,146
https://image.goat.com/attachments/product_template_pictures/images/056/843/101/original/DM8314_100.png.png,https://image.goat.com/400/attachments/product_template_pictures/images/056/843/101/original/DM8314_100.png.png,, https://flightclub.com/air-force-1-07-lv8-coconut-milk-hyper-royal-dm8314-100,https://goat.com/sneakers/air-force-1-07-lv8-coconut-milk-hyper-royal-dm8314-100,Air Force 1 '07 LV8 'Coconut Milk Hyper Royal',Coconut Milk/White/Bright Crimson/Hyper Royal,2021-06-30,2021,110.0,Air Force 1,DM8314-100,,203.06,143
https://image.goat.com/attachments/product_template_pictures/images/052/843/043/original/DJ3056_003.png.png,https://image.goat.com/400/attachments/product_template_pictures/images/052/843/043/original/DJ3056_003.png.png,https://stockx.com/nike-space-hippie-01-melon-tint, https://flightclub.com/space-hippie-01-melon-tint-dj3056-003, https://goat.com/sneakers/space-hippie-01-melon-tint-dj3056-003,Nike Space Hippie 01 Melon Tint Aquamarine,Vast Grey/Summit White-Melon Tint,2021-06-30,2021,130.0,Space Hippie 01,DJ3056-003,"Continuing the brand’s exploratory footwear collection predicated on recycling and limited resources, the Nike Space Hippie 01 ‘Melon Tint’ spotlights the speckled Crater Foam midsole — built with a blend of standard foam compounds and Nike Grind rubber — by applying a vibrant orange finish. Up top, the sneaker’s beige knit construction is made with mostly recycled content that includes plastic bottles, T-shirts and post-industrial scraps. A plush insole composed of ZoomX foam scraps delivers a cushioned ride.",234.29999999999998,165
https://image.goat.com/attachments/product_template_pictures/images/055/890/287/original/764478_00.png.png,https://image.goat.com/400/attachments/product_template_pictures/images/055/890/287/original/764478_00.png.png,https://stockx.com/nike-space-hippie-01-obsidian, https://flightclub.com/space-hippie-01-obsidian-dj3056-400, https://goat.com/sneakers/space-hippie-01-obsidian-dj3056-400,Nike Space Hippie 01 Obsidian,Obsidian/Signal Blue-Psychic Blue-White,2021-06-30,2021,130.0,Space Hippie 01,DJ3056-400,"Releasing as part of a sustainable line designed to lower the brand’s carbon footprint, the Nike Space Hippie 01 ‘Obsidian’ carries a navy blue knit upper made with ‘Space Waste Yarn,’ which includes recycled materials like T-shirts, fabric scraps and plastic water bottles. The sock-like build is mounted on a cream-hued Crater Foam midsole, which works in tandem with a plush sockliner constructed from ZoomX foam scraps — the same cushioning technology used on Nike’s pinnacle NEXT% running shoes.",221.51999999999998,156
https://image.goat.com/attachments/product_template_pictures/images/056/826/952/original/CK6257_011.png.png,https://image.goat.com/400/attachments/product_template_pictures/images/056/826/952/original/CK6257_011.png.png,, https://flightclub.com/alpha-huarache-3-tf-gs-light-smoke-grey-black-ck6257-011,https://goat.com/sneakers/alpha-huarache-3-tf-gs-light-smoke-grey-black-ck6257-011,Alpha Huarache 3 TF GS 'Light Smoke Grey Black',Light Smoke Grey/White/Bright Crimson/Black,2021-06-29,2021,50.0,Alpha Huarache,CK6257-011,,156.2,110
https://image.goat.com/attachments/product_template_pictures/images/056/826/937/original/CK0746_602.png.png,https://image.goat.com/400/attachments/product_template_pictures/images/056/826/937/original/CK0746_602.png.png,, https://flightclub.com/alpha-huarache-elite-3-low-university-red-ck0746-602,https://goat.com/sneakers/alpha-huarache-elite-3-low-university-red-ck0746-602,Alpha Huarache Elite 3 Low 'University Red',University Red/White/Black,2021-06-29,2021,90.0,Alpha Huarache,CK0746-602,,213.0,150
https://image.goat.com/attachments/product_template_pictures/images/054/966/570/original/767335_00.png.png,https://image.goat.com/400/attachments/product_template_pictures/images/054/966/570/original/767335_00.png.png,https://stockx.com/reebok-freestyle-hi-power-rangers-pink-ranger-w, https://flightclub.com/power-rangers-x-wmns-freestyle-high-pterodactyl-zord-gw2425, https://goat.com/sneakers/power-rangers-x-wmns-freestyle-high-pterodactyl-zord-gw2425,Reebok Freestyle Hi Power Rangers Pink Ranger (W),White/Charged Pink/Silver Metallic,2021-06-29,2021,120.0,Freestyle,GW2425,"Releasing as part of a larger collection inspired by the ‘90s superhero franchise, the Power Rangers x Reebok women’s Freestyle High ‘Pterodactyl Zord’ gives the nod to the Pink Ranger’s battle vehicle. The high-top trainer utilizes a pink leather upper with white side stripes and a metallic silver heel overlay. ‘Pterodactyl’ is printed on the top ankle strap on the left shoe, while the left features text that reads ‘It’s Morphin Time.’ Underneath the straps, mismatched tongue tags reveal the Power Rangers’ lightning bolt logo and a pterodactyl graphic.",191.7,135
https://image.goat.com/attachments/product_template_pictures/images/056/826/954/original/CT1983_701.png.png,https://image.goat.com/400/attachments/product_template_pictures/images/056/826/954/original/CT1983_701.png.png,, https://flightclub.com/wmns-waffle-racer-crater-yellow-strike-roma-green-ct1983-701,https://goat.com/sneakers/wmns-waffle-racer-crater-yellow-strike-roma-green-ct1983-701,Wmns Waffle Racer Crater 'Yellow Strike Roma Green',Yellow Strike/Photon Dust/Chambray Blue/Roma Green,2021-06-29,2021,100.0,Waffle Racer,CT1983-701,,224.35999999999999,158
https://image.goat.com/attachments/product_template_pictures/images/056/826/968/original/CW3876_102.png.png,https://image.goat.com/400/attachments/product_template_pictures/images/056/826/968/original/CW3876_102.png.png,, https://flightclub.com/wmns-zoom-air-fire-white-light-lemon-twist-cw3876-102,https://goat.com/sneakers/wmns-zoom-air-fire-white-light-lemon-twist-cw3876-102,Wmns Zoom Air Fire 'White Light Lemon Twist',White/Light Lemon Twist/Black/Metallic Silver,2021-06-29,2021,110.0,Zoom Air Fire,CW3876-102,,183.17999999999998,129
https://image.goat.com/attachments/product_template_pictures/images/056/826/935/original/CK0746_402.png.png,https://image.goat.com/400/attachments/product_template_pictures/images/056/826/935/original/CK0746_402.png.png,, https://flightclub.com/alpha-huarache-elite-3-low-game-royal-ck0746-402,https://goat.com/sneakers/alpha-huarache-elite-3-low-game-royal-ck0746-402,Alpha Huarache Elite 3 Low 'Game Royal',Game Royal/White/Photo Blue/Black,2021-06-29,2021,90.0,Alpha Huarache,CK0746-402,,213.0,150
https://image.goat.com/attachments/product_template_pictures/images/056/826/992/original/DM8326_600.png.png,https://image.goat.com/400/attachments/product_template_pictures/images/056/826/992/original/DM8326_600.png.png,, https://flightclub.com/wmns-air-max-270-pink-oxford-metallic-silver-dm8326-600,https://goat.com/sneakers/wmns-air-max-270-pink-oxford-metallic-silver-dm8326-600,Wmns Air Max 270 'Pink Oxford Metallic Silver',Pink Oxford/White/Metallic Silver,2021-06-29,2021,150.0,Air Max 270,DM8326-600,,255.6,180
https://image.goat.com/attachments/product_template_pictures/images/056/826/946/original/CK6208_010.png.png,https://image.goat.com/400/attachments/product_template_pictures/images/056/826/946/original/CK6208_010.png.png,, https://flightclub.com/alpha-huarache-varsity-3-turf-black-iron-grey-ck6208-010,https://goat.com/sneakers/alpha-huarache-varsity-3-turf-black-iron-grey-ck6208-010,Alpha Huarache Varsity 3 Turf 'Black Iron Grey',Black/White/Iron Grey/Black,2021-06-29,2021,60.0,Alpha Huarache,CK6208-010,,0.0,0
https://image.goat.com/attachments/product_template_pictures/images/056/826/961/original/CV3552_104.png.png,https://image.goat.com/400/attachments/product_template_pictures/images/056/826/961/original/CV3552_104.png.png,, https://flightclub.com/alpha-huarache-elite-3-low-white-grey-cv3552-104,https://goat.com/sneakers/alpha-huarache-elite-3-low-white-grey-cv3552-104,Alpha Huarache Elite 3 Low 'White Grey',White/Particle Grey/Bright Crimson/Black,2021-06-29,2021,90.0,Alpha Huarache,CV3552-104,,213.0,150
https://image.goat.com/attachments/product_template_pictures/images/056/827/040/original/GZ9128.png.png,https://image.goat.com/400/attachments/product_template_pictures/images/056/827/040/original/GZ9128.png.png,, https://flightclub.com/racer-tr21-j-black-carbon-gz9128,https://goat.com/sneakers/racer-tr21-j-black-carbon-gz9128,Racer TR21 J 'Black Carbon',Core Black/Core Black/Carbon,2021-06-29,2021,55.0,Racer TR21,GZ9128,,0.0,0
https://image.goat.com/attachments/product_template_pictures/images/056/826/980/original/DA8570_001.png.png,https://image.goat.com/400/attachments/product_template_pictures/images/056/826/980/original/DA8570_001.png.png,, https://flightclub.com/wmns-air-zoom-structure-24-black-white-da8570-001,https://goat.com/sneakers/wmns-air-zoom-structure-24-black-white-da8570-001,Wmns Air Zoom Structure 24 'Black White',Black/White,2021-06-29,2021,120.0,Air Zoom Structure,DA8570-001,,0.0,0
https://image.goat.com/attachments/product_template_pictures/images/056/826/921/original/CD0077_001.png.png,https://image.goat.com/400/attachments/product_template_pictures/images/056/826/921/original/CD0077_001.png.png,, https://flightclub.com/vapor-edge-shark-gs-black-white-cd0077-001,https://goat.com/sneakers/vapor-edge-shark-gs-black-white-cd0077-001,Vapor Edge Shark GS 'Black White',Black/White,2021-06-29,2021,38.0,Vapor Edge,CD0077-001,,0.0,0
https://image.goat.com/attachments/product_template_pictures/images/056/826/944/original/CK2948_001.png.png,https://image.goat.com/400/attachments/product_template_pictures/images/056/826/944/original/CK2948_001.png.png,, https://flightclub.com/wmns-venture-runner-black-white-ck2948-001,https://goat.com/sneakers/wmns-venture-runner-black-white-ck2948-001,Wmns Venture Runner 'Black White',Black/Black/White,2021-06-29,2021,70.0,Venture Runner,CK2948-001,,163.29999999999998,115
https://image.goat.com/attachments/product_template_pictures/images/052/843/066/original/GX2828.png.png,https://image.goat.com/400/attachments/product_template_pictures/images/052/843/066/original/GX2828.png.png,https://stockx.com/reebok-zig-dynamica-power-rangers-red-ranger-ps, https://flightclub.com/power-rangers-x-zig-dynamica-j-tyrannosaurus-zord-gx2828, https://goat.com/sneakers/power-rangers-x-zig-dynamica-j-tyrannosaurus-zord-gx2828,Reebok Zig Dynamica Power Rangers Red Ranger (PS),Vector Red/Coal/Boldly Yellow,2021-06-29,2021,65.0,Zig Dynamica,GX2828,,0.0,0
https://image.goat.com/attachments/product_template_pictures/images/056/827/031/original/FY7640.png.png,https://image.goat.com/400/attachments/product_template_pictures/images/056/827/031/original/FY7640.png.png,, https://flightclub.com/marvel-x-stan-smith-infant-hulk-smash-fy7640,https://goat.com/sneakers/marvel-x-stan-smith-infant-hulk-smash-fy7640,Marvel x Stan Smith Infant 'Hulk Smash',Cloud White/Core Black/Cloud White,2021-06-29,2021,120.0,Stan Smith,FY7640,,484.21999999999997,341
https://image.goat.com/attachments/product_template_pictures/images/056/826/975/original/DA1106_001.png.png,https://image.goat.com/400/attachments/product_template_pictures/images/056/826/975/original/DA1106_001.png.png,, https://flightclub.com/wmns-quest-4-black-hyper-pink-da1106-001,https://goat.com/sneakers/wmns-quest-4-black-hyper-pink-da1106-001,Wmns Quest 4 'Black Hyper Pink',Black/Hyper Pink/Dark Smoke Grey/White,2021-06-29,2021,75.0,Quest 4,DA1106-001,,191.7,135
https://image.goat.com/attachments/product_template_pictures/images/056/501/847/original/GY0492.png.png,https://image.goat.com/400/attachments/product_template_pictures/images/056/501/847/original/GY0492.png.png,https://stockx.com/reebok-zig-kinetica-ii-power-rangers-red-ranger, https://flightclub.com/power-rangers-x-zig-dynamica-2-tyrannosaurs-zord-gy0492, https://goat.com/sneakers/power-rangers-x-zig-dynamica-2-tyrannosaurs-zord-gy0492,Reebok Zig Kinetica II Power Rangers Red Ranger,Vector Red/Coal/Boldly Yellow,2021-06-29,2021,160.0,Zig Kinetica 2,GY0492,"Launching as part of a larger collection celebrating the television superhero series from the ‘90s, the Power Rangers x Reebok Zig Kinetica 2 ‘Dinozord’ takes inspiration from the battle craft piloted by the Red Ranger. The training shoe makes use of a crimson textile upper with a forefoot overlay ringed in a silver dinosaur tooth detailing. Mismatched tongue tags display the Power Rangers’ yellow lightning bolt and an illustrated Tyrannosaurus graphic. In terms of performance, the lightweight build is mounted on a responsive Floatride Fuel midsole with sidewalls arranged in a dynamic zigzag configuration.",0.0,0
https://image.goat.com/attachments/product_template_pictures/images/056/826/933/original/CK0746_004.png.png,https://image.goat.com/400/attachments/product_template_pictures/images/056/826/933/original/CK0746_004.png.png,, https://flightclub.com/alpha-huarache-elite-3-low-light-smoke-grey-royal-ck0746-004,https://goat.com/sneakers/alpha-huarache-elite-3-low-light-smoke-grey-royal-ck0746-004,Alpha Huarache Elite 3 Low 'Light Smoke Grey Royal',Light Smoke Grey/Black/White/Game Royal,2021-06-29,2021,90.0,Alpha Huarache,CK0746-004,,184.6,130
https://image.goat.com/attachments/product_template_pictures/images/056/826/929/original/CJ0775_177.png.png,https://image.goat.com/400/attachments/product_template_pictures/images/056/826/929/original/CJ0775_177.png.png,, https://flightclub.com/wmns-superrep-cycle-leopard-cj0775-177,https://goat.com/sneakers/wmns-superrep-cycle-leopard-cj0775-177,Wmns SuperRep Cycle 'Leopard',White/Black/Chutney/Volt,2021-06-29,2021,120.0,SuperRep Cycle,CJ0775-177,,242.82,171
https://image.goat.com/attachments/product_template_pictures/images/056/826/939/original/CK0746_800.png.png,https://image.goat.com/400/attachments/product_template_pictures/images/056/826/939/original/CK0746_800.png.png,, https://flightclub.com/alpha-huarache-elite-3-low-team-orange-black-ck0746-800,https://goat.com/sneakers/alpha-huarache-elite-3-low-team-orange-black-ck0746-800,Alpha Huarache Elite 3 Low 'Team Orange Black',Team Orange/White/Total Orange/Black,2021-06-29,2021,90.0,Alpha Huarache,CK0746-800,,0.0,0
https://image.goat.com/attachments/product_template_pictures/images/056/826/955/original/CT2229_103.png.png,https://image.goat.com/400/attachments/product_template_pictures/images/056/826/955/original/CT2229_103.png.png,, https://flightclub.com/wmns-zoomx-invincible-run-flyknit-white-black-ct2229-103,https://goat.com/sneakers/wmns-zoomx-invincible-run-flyknit-white-black-ct2229-103,Wmns ZoomX Invincible Run Flyknit 'White Black',White/Black/White,2021-06-29,2021,180.0,ZoomX Invincible,CT2229-103,,0.0,0
https://image.goat.com/attachments/product_template_pictures/images/056/826/923/original/CD0082_012.png.png,https://image.goat.com/400/attachments/product_template_pictures/images/056/826/923/original/CD0082_012.png.png,, https://flightclub.com/vapor-edge-speed-360-black-metallic-gold-cd0082-012,https://goat.com/sneakers/vapor-edge-speed-360-black-metallic-gold-cd0082-012,Vapor Edge Speed 360 'Black Metallic Gold',Black/Black,2021-06-29,2021,95.0,Vapor Edge,CD0082-012,,0.0,0
https://image.goat.com/attachments/product_template_pictures/images/056/826/993/original/DM8330_400.png.png,https://image.goat.com/400/attachments/product_template_pictures/images/056/826/993/original/DM8330_400.png.png,, https://flightclub.com/wmns-daybreak-university-blue-orange-dm8330-400,https://goat.com/sneakers/wmns-daybreak-university-blue-orange-dm8330-400,Wmns Daybreak 'University Blue Orange',University Blue/Summit White/Saffron Quartz/Orange,2021-06-29,2021,90.0,Daybreak,DM8330-400,,0.0,0
https://image.goat.com/attachments/product_template_pictures/images/056/826/922/original/CD0077_100.png.png,https://image.goat.com/400/attachments/product_template_pictures/images/056/826/922/original/CD0077_100.png.png,, https://flightclub.com/vapor-edge-shark-gs-white-black-cd0077-100,https://goat.com/sneakers/vapor-edge-shark-gs-white-black-cd0077-100,Vapor Edge Shark GS 'White Black',White/Black,2021-06-29,2021,38.0,Vapor Edge,CD0077-100,,0.0,0
https://image.goat.com/attachments/product_template_pictures/images/056/826/971/original/CW7358_500.png.png,https://image.goat.com/400/attachments/product_template_pictures/images/056/826/971/original/CW7358_500.png.png,, https://flightclub.com/wmns-air-zoom-pegasus-38-iris-whisper-provence-purple-cw7358-500,https://goat.com/sneakers/wmns-air-zoom-pegasus-38-iris-whisper-provence-purple-cw7358-500,Wmns Air Zoom Pegasus 38 'Iris Whisper Provence Purple',Iris Whisper/Provence Purple/Black/White,2021-06-29,2021,120.0,Air Zoom Pegasus 38,CW7358-500,,0.0,0
